{"Creation_time": "2019-04-02 14:22:21.956331", "source": "human_Mapping_the_Human_miRNA", "test": "human_Mapping_the_Human_miRNA", "duplex_method": "vienna", "train size": 4371, "test size": 1093, "Xgb_boost_model_params": {"base_score": 0.5, "booster": "gbtree", "colsample_bylevel": 1, "colsample_bytree": 0.7, "gamma": 0, "learning_rate": 0.05, "max_delta_step": 0, "max_depth": 6, "min_child_weight": 11, "missing": -999, "n_estimators": 5, "n_jobs": 1, "nthread": 4, "objective": "binary:logistic", "random_state": 0, "reg_alpha": 0, "reg_lambda": 1, "scale_pos_weight": 1, "seed": 1337, "silent": 1, "subsample": 0.8}, "Xgb_boost_feature_importances": {"importance": {"Seed_match_6mer3": 0.16079294681549072, "MEF_Duplex": 0.09342773258686066, "Seed_GU": 0.07687290757894516, "MI_he_P5_L3": 0.04361972585320473, "MI_he_P4_L3": 0.04146484285593033, "MI_he_P1_L2": 0.04140041396021843, "miRNA_match_position7": 0.04131289944052696, "MI_he_P2_L2": 0.029784465208649635, "MI_he_P2_L1": 0.027716239914298058, "MI_he_P1_L3": 0.024547019973397255, "miRNA_match_position1": 0.02436840534210205, "Seed_GC": 0.01829446293413639, "MI_he_P4_L2": 0.01451474241912365, "MI_he_P5_L2": 0.014266066253185272, "Seed_match_6mer3GU1": 0.014084543101489544, "MI_he_P1_L1": 0.012042331509292126, "Total_GC": 0.011871137656271458, "MI_he_P3_L1": 0.011193521320819855, "MI_he_P9_L2": 0.010644203051924706, "MI_he_P1_L4": 0.010533282533288002, "miRNA_match_position3": 0.010346983559429646, "Seed_match_7merA1": 0.010183138772845268, "MI_he_P3_L3": 0.009917126037180424, "MI_he_P9_L1": 0.008397202007472515, "duplex_RNAplex_equals": 0.008198654279112816, "MI_he_P9_L3": 0.008063948713243008, "Target_G_comp": 0.007851971313357353, "Total_bulge": 0.007401031907647848, "miRNA_match_position8": 0.007140784524381161, "MI_he_P7_L3": 0.007140698377043009, "MI_he_P3_L2": 0.0069488948211073875, "Total_GU": 0.0068842447362840176, "Acc_P20_5th": 0.0067235445603728294, "Acc_P16_7th": 0.0067173815332353115, "miRNA_match_position6": 0.006378889083862305, "Acc_P7_6th": 0.006296429317444563, "Seed_bulge": 0.006290697492659092, "X3p_bulge_nt": 0.006098933517932892, "Acc_P20_3th": 0.006059315055608749, "Acc_P12_4th": 0.006057642865926027, "X3p_bulge": 0.005997097119688988, "miRNA_match_position5": 0.005949961952865124, "miRNA_match_position16": 0.005886361468583345, "MI_he_P6_L4": 0.005732242949306965, "miRNA_match_position2": 0.005702071823179722, "MI_he_P3_L4": 0.005656037945300341, "miRNA_match_position14": 0.005320663098245859, "Target_GG_comp": 0.005125835072249174, "Acc_P32_1th": 0.004965031519532204, "miRNA_match_position4": 0.004934677388519049, "Seed_match_6mer2": 0.004489795304834843, "Acc_P19_2th": 0.0042597949504852295, "Acc_P15_3th": 0.004256838466972113, "Acc_P17_10th": 0.004075712990015745, "Seed_AU": 0.0039802901446819305, "Target_UG_comp": 0.0039212461560964584, "Acc_P36_10th": 0.003779164981096983, "MI_he_P8_L4": 0.0036977813579142094, "Acc_P31_6th": 0.0035000196658074856, "Acc_P4_10th": 0.003250337904319167, "Acc_P1_1th": 0.0032393031287938356, "Up_U_comp": 0.003204744542017579, "MEF_3p": 0.003099955152720213, "Acc_P14_6th": 0.0029810008127242327, "Target_GA_comp": 0.0027917250990867615, "Acc_P17_1th": 0.0027583898045122623, "MI_he_P5_L1": 0.002497946610674262, "Acc_P10_5th": 0.0024179264437407255, "Acc_P35_1th": 0.002373163355514407, "Acc_P18_9th": 0.0017628720961511135, "Acc_P28_5th": 0.0016698634717613459, "Target_UU_comp": 0.001454240526072681, "Acc_P22_6th": 0.0013667253078892827, "Acc_P21_8th": 0.0009719792869873345, "Target_C_comp": 0.0007281118305400014, "Down_CC_comp": 0.00018795031064655632, "Acc_P37_10th": 0.00016381223395001143, "Acc_P7_8th": 0.0, "Acc_P5_5th": 0.0, "MI_he_P2_L5": 0.0, "MI_he_P2_L4": 0.0, "MI_he_P2_L3": 0.0, "Acc_P5_6th": 0.0, "MI_he_P1_L5": 0.0, "Acc_P5_7th": 0.0, "Acc_P5_8th": 0.0, "Acc_P6_10th": 0.0, "Acc_P5_9th": 0.0, "Acc_P5_3th": 0.0, "MEF_local_target_normalized": 0.0, "MEF_local_target": 0.0, "MEF_cons_local_target_normalized": 0.0, "MEF_cons_local_target": 0.0, "MEF_Seed": 0.0, "Acc_P6_1th": 0.0, "Acc_P6_2th": 0.0, "Down_U_comp": 0.0, "Down_UU_comp": 0.0, "Acc_P5_4th": 0.0, "MI_he_P3_L5": 0.0, "Acc_P5_2th": 0.0, "MI_he_P6_L2": 0.0, "Acc_P4_1th": 0.0, "Acc_P4_2th": 0.0, "MI_he_P7_L2": 0.0, "Acc_P4_3th": 0.0, "Acc_P4_4th": 0.0, "Acc_P4_5th": 0.0, "MI_he_P7_L1": 0.0, "MI_he_P6_L5": 0.0, "Acc_P4_6th": 0.0, "MI_he_P6_L3": 0.0, "MI_he_P6_L1": 0.0, "Down_UC_comp": 0.0, "MI_he_P5_L5": 0.0, "MI_he_P5_L4": 0.0, "Acc_P4_7th": 0.0, "Acc_P4_8th": 0.0, "Acc_P4_9th": 0.0, "MI_he_P4_L5": 0.0, "MI_he_P4_L4": 0.0, "Acc_P5_10th": 0.0, "Acc_P5_1th": 0.0, "MI_he_P4_L1": 0.0, "Down_UG_comp": 0.0, "Down_G_comp": 0.0, "Down_UA_comp": 0.0, "Acc_P7_7th": 0.0, "Acc_P9_9th": 0.0, "Acc_P9_8th": 0.0, "Acc_P9_7th": 0.0, "Acc_P9_6th": 0.0, "Acc_P9_5th": 0.0, "Acc_P9_4th": 0.0, "MI_he_P7_L5": 0.0, "Acc_P9_3th": 0.0, "Acc_P9_2th": 0.0, "Acc_P9_1th": 0.0, "Acc_P7_5th": 0.0, "Acc_P9_10th": 0.0, "Acc_P8_9th": 0.0, "Acc_P8_8th": 0.0, "Acc_P8_7th": 0.0, "Acc_P8_6th": 0.0, "Acc_P8_5th": 0.0, "Acc_P8_4th": 0.0, "Acc_P8_3th": 0.0, "Acc_P8_2th": 0.0, "Acc_P8_1th": 0.0, "Acc_P8_10th": 0.0, "Acc_P7_9th": 0.0, "Dist_to_end": 0.0, "Acc_P7_4th": 0.0, "Acc_P7_3th": 0.0, "Acc_P6_8th": 0.0, "Down_GU_comp": 0.0, "Down_GG_comp": 0.0, "Acc_P6_3th": 0.0, "Acc_P6_4th": 0.0, "Acc_P6_5th": 0.0, "Acc_P6_6th": 0.0, "Down_GC_comp": 0.0, "Down_GA_comp": 0.0, "Acc_P6_7th": 0.0, "Down_C_comp": 0.0, "Down_CU_comp": 0.0, "Down_AA_comp": 0.0, "Down_CG_comp": 0.0, "Acc_P6_9th": 0.0, "Down_CA_comp": 0.0, "Acc_P7_10th": 0.0, "Down_A_comp": 0.0, "Down_AU_comp": 0.0, "Down_AG_comp": 0.0, "Acc_P7_1th": 0.0, "Down_AC_comp": 0.0, "Acc_P7_2th": 0.0, "MI_he_P7_L4": 0.0, "Acc_P10_10th": 0.0, "MI_he_P8_L1": 0.0, "Seed_match_6mer3GU2": 0.0, "Up_AA_comp": 0.0, "Total_mismatch": 0.0, "Total_bulge_nt": 0.0, "Total_AU": 0.0, "Target_U_comp": 0.0, "Target_UC_comp": 0.0, "Target_UA_comp": 0.0, "Target_GU_comp": 0.0, "Target_GC_comp": 0.0, "Target_CU_comp": 0.0, "Target_CG_comp": 0.0, "Target_CC_comp": 0.0, "Target_CA_comp": 0.0, "Target_A_comp": 0.0, "Target_AU_comp": 0.0, "Target_AG_comp": 0.0, "Target_AC_comp": 0.0, "Target_AA_comp": 0.0, "Seed_mismatch": 0.0, "Seed_match_8merA1": 0.0, "Seed_match_8mer": 0.0, "Seed_match_7mer2": 0.0, "Seed_match_7mer1": 0.0, "Seed_match_6mer_LP": 0.0, "Seed_match_6mer_BT": 0.0, "Seed_match_6mer_BM": 0.0, "Seed_match_6mer3GU6": 0.0, "Seed_match_6mer3GU5": 0.0, "Seed_match_6mer3GU4": 0.0, "Up_AC_comp": 0.0, "Up_AG_comp": 0.0, "Up_AU_comp": 0.0, "X3p_AU": 0.0, "miRNA_match_position20": 0.0, "miRNA_match_position19": 0.0, "miRNA_match_position18": 0.0, "miRNA_match_position17": 0.0, "miRNA_match_position15": 0.0, "miRNA_match_position13": 0.0, "miRNA_match_position12": 0.0, "miRNA_match_position11": 0.0, "miRNA_match_position10": 0.0, "constraint": 0.0, "X3p_mismatch": 0.0, "X3p_GU": 0.0, "X3p_GC": 0.0, "Up_UU_comp": 0.0, "Up_A_comp": 0.0, "Up_UG_comp": 0.0, "Up_UC_comp": 0.0, "Up_UA_comp": 0.0, "Up_G_comp": 0.0, "Up_GU_comp": 0.0, "Up_GG_comp": 0.0, "Up_GC_comp": 0.0, "Up_GA_comp": 0.0, "Up_C_comp": 0.0, "Up_CU_comp": 0.0, "Up_CG_comp": 0.0, "Up_CC_comp": 0.0, "Up_CA_comp": 0.0, "Seed_match_6mer3GU3": 0.0, "Seed_match_6mer2GU6": 0.0, "MI_he_P8_L2": 0.0, "Seed_match_6mer2GU5": 0.0, "MR_he_P5_L5": 0.0, "MR_he_P5_L4": 0.0, "MR_he_P5_L3": 0.0, "MR_he_P5_L2": 0.0, "MR_he_P5_L1": 0.0, "MR_he_P4_L5": 0.0, "MR_he_P4_L4": 0.0, "MR_he_P4_L3": 0.0, "MR_he_P4_L2": 0.0, "MR_he_P4_L1": 0.0, "Acc_P3_9th": 0.0, "MR_he_P3_L4": 0.0, "MR_he_P3_L3": 0.0, "MR_he_P3_L2": 0.0, "MR_he_P3_L1": 0.0, "MR_he_P2_L5": 0.0, "MR_he_P2_L4": 0.0, "MR_he_P2_L3": 0.0, "MR_he_P2_L2": 0.0, "MR_he_P2_L1": 0.0, "MR_he_P1_L5": 0.0, "MR_he_P1_L4": 0.0, "MR_he_P1_L3": 0.0, "MR_he_P1_L2": 0.0, "MR_he_P1_L1": 0.0, "MI_he_P9_L5": 0.0, "MI_he_P9_L4": 0.0, "MI_he_P8_L5": 0.0, "MI_he_P8_L3": 0.0, "MR_he_P6_L1": 0.0, "MR_he_P6_L2": 0.0, "MR_he_P6_L3": 0.0, "MR_he_P9_L4": 0.0, "Seed_match_6mer2GU4": 0.0, "Seed_match_6mer2GU3": 0.0,