{"Creation_time": "2019-03-28 16:16:07.138394", "source": "human_Mapping_the_Human_miRNA", "test": "human_Mapping_the_Human_miRNA", "duplex_method": "vienna", "train size": 4371, "test size": 1093, "rf_model_params": {"bootstrap": true, "class_weight": null, "criterion": "gini", "max_depth": 20, "max_features": "auto", "max_leaf_nodes": null, "min_impurity_split": 1e-07, "min_samples_leaf": 2, "min_samples_split": 2, "min_weight_fraction_leaf": 0.0, "n_estimators": 200, "n_jobs": 1, "oob_score": false, "random_state": null, "verbose": 0, "warm_start": false}, "rf_feature_importances": {"importance": {"MEF_Duplex": 0.43558934174404335, "Seed_GC": 0.06917508013329553, "MI_he_P1_L2": 0.06681297378937251, "Total_GU": 0.058261665229715494, "Seed_GU": 0.053282567447243266, "Seed_match_7mer2": 0.045186308050376496, "miRNA_match_position1": 0.04398540567055806, "miRNA_match_position7": 0.04086426469171936, "MI_he_P1_L3": 0.03643486441063728, "miRNA_match_position4": 0.03513883963418253, "miRNA_match_position5": 0.035066075743685546, "Seed_match_6mer2": 0.03241554384831355, "MI_he_P4_L2": 0.026582320552546168, "MI_he_P1_L1": 0.021204749054311023}}, "rbf Kernel_model_params": {"C": 50, "cache_size": 200, "class_weight": null, "coef0": 0.0, "decision_function_shape": null, "degree": 3, "gamma": 0.001, "kernel": "rbf", "max_iter": -1, "probability": false, "random_state": null, "shrinking": true, "tol": 0.001, "verbose": false}, "results": {"name": ["rf", "rbf Kernel"], "f1": [0.8471391972672929, 0.8356401384083045], "accuracy": [0.8362305580969808, 0.8261665141811528]}}